<?xml version="1.0" encoding="UTF-8"?>
<!-- IMPORTANT: This is an internal file that has been generated
     by the Xilinx ISE software.  Any direct editing or
     changes made to this file may result in unpredictable
     behavior or data corruption.  It is strongly advised that
     users do not edit the contents of this file. -->
<DeviceUsageSummary rev="5">
<DesignStatistics TimeStamp="Wed Jun 26 10:46:04 2019"><group name="NetStatistics">
<item name="NumNets_Active" rev="5">
<attrib name="value" value="58"/></item>
<item name="NumNets_Gnd" rev="5">
<attrib name="value" value="1"/></item>
<item name="NumNets_Vcc" rev="5">
<attrib name="value" value="1"/></item>
<item name="NumNodesOfType_Active_CLKPIN" rev="5">
<attrib name="value" value="14"/></item>
<item name="NumNodesOfType_Active_CNTRLPIN" rev="5">
<attrib name="value" value="14"/></item>
<item name="NumNodesOfType_Active_DOUBLE" rev="5">
<attrib name="value" value="36"/></item>
<item name="NumNodesOfType_Active_DUMMY" rev="5">
<attrib name="value" value="79"/></item>
<item name="NumNodesOfType_Active_DUMMYESC" rev="5">
<attrib name="value" value="1"/></item>
<item name="NumNodesOfType_Active_GLOBAL" rev="5">
<attrib name="value" value="6"/></item>
<item name="NumNodesOfType_Active_HUNIHEX" rev="5">
<attrib name="value" value="1"/></item>
<item name="NumNodesOfType_Active_INPUT" rev="5">
<attrib name="value" value="104"/></item>
<item name="NumNodesOfType_Active_IOBOUTPUT" rev="5">
<attrib name="value" value="1"/></item>
<item name="NumNodesOfType_Active_OMUX" rev="5">
<attrib name="value" value="60"/></item>
<item name="NumNodesOfType_Active_OUTPUT" rev="5">
<attrib name="value" value="55"/></item>
<item name="NumNodesOfType_Active_PREBXBY" rev="5">
<attrib name="value" value="14"/></item>
<item name="NumNodesOfType_Active_VFULLHEX" rev="5">
<attrib name="value" value="3"/></item>
<item name="NumNodesOfType_Active_VUNIHEX" rev="5">
<attrib name="value" value="1"/></item>
<item name="NumNodesOfType_Vcc_CNTRLPIN" rev="5">
<attrib name="value" value="1"/></item>
<item name="NumNodesOfType_Vcc_INPUT" rev="5">
<attrib name="value" value="2"/></item>
<item name="NumNodesOfType_Vcc_PREBXBY" rev="5">
<attrib name="value" value="2"/></item>
<item name="NumNodesOfType_Vcc_VCCOUT" rev="5">
<attrib name="value" value="3"/></item>
</group>
<group name="MiscellaneousStatistics">
<item name="AGG_BONDED_IO" rev="4">
<attrib name="value" value="2"/></item>
<item name="AGG_IO" rev="4">
<attrib name="value" value="2"/></item>
<item name="AGG_SLICE" rev="4">
<attrib name="value" value="27"/></item>
<item name="NUM_4_INPUT_LUT" rev="4">
<attrib name="value" value="52"/></item>
<item name="NUM_BONDED_IBUF" rev="4">
<attrib name="value" value="1"/></item>
<item name="NUM_BONDED_IOB" rev="4">
<attrib name="value" value="1"/></item>
<item name="NUM_BUFGMUX" rev="4">
<attrib name="value" value="1"/></item>
<item name="NUM_CYMUX" rev="4">
<attrib name="value" value="51"/></item>
<item name="NUM_LUT_RT" rev="4">
<attrib name="value" value="34"/></item>
<item name="NUM_SLICEL" rev="4">
<attrib name="value" value="27"/></item>
<item name="NUM_SLICE_FF" rev="4">
<attrib name="value" value="28"/></item>
<item name="NUM_XOR" rev="4">
<attrib name="value" value="27"/></item>
</group>
</DesignStatistics>
<DeviceUsage TimeStamp="Wed Jun 26 10:46:04 2019"><group name="SiteSummary">
<item name="BUFGMUX" rev="5">
<attrib name="total" value="1000000"/><attrib name="used" value="1"/></item>
<item name="BUFGMUX_GCLKMUX" rev="5">
<attrib name="total" value="1000000"/><attrib name="used" value="1"/></item>
<item name="BUFGMUX_GCLK_BUFFER" rev="5">
<attrib name="total" value="1000000"/><attrib name="used" value="1"/></item>
<item name="IBUF" rev="5">
<attrib name="total" value="1000000"/><attrib name="used" value="1"/></item>
<item name="IBUF_INBUF" rev="5">
<attrib name="total" value="1000000"/><attrib name="used" value="1"/></item>
<item name="IBUF_PAD" rev="5">
<attrib name="total" value="1000000"/><attrib name="used" value="1"/></item>
<item name="IOB" rev="5">
<attrib name="total" value="1000000"/><attrib name="used" value="1"/></item>
<item name="IOB_OUTBUF" rev="5">
<attrib name="total" value="1000000"/><attrib name="used" value="1"/></item>
<item name="IOB_PAD" rev="5">
<attrib name="total" value="1000000"/><attrib name="used" value="1"/></item>
<item name="SLICEL" rev="5">
<attrib name="total" value="1000000"/><attrib name="used" value="27"/></item>
<item name="SLICEL_C1VDD" rev="5">
<attrib name="total" value="1000000"/><attrib name="used" value="6"/></item>
<item name="SLICEL_C2VDD" rev="5">
<attrib name="total" value="1000000"/><attrib name="used" value="6"/></item>
<item name="SLICEL_CYMUXF" rev="5">
<attrib name="total" value="1000000"/><attrib name="used" value="27"/></item>
<item name="SLICEL_CYMUXG" rev="5">
<attrib name="total" value="1000000"/><attrib name="used" value="24"/></item>
<item name="SLICEL_F" rev="5">
<attrib name="total" value="1000000"/><attrib name="used" value="27"/></item>
<item name="SLICEL_FFX" rev="5">
<attrib name="total" value="1000000"/><attrib name="used" value="14"/></item>
<item name="SLICEL_FFY" rev="5">
<attrib name="total" value="1000000"/><attrib name="used" value="14"/></item>
<item name="SLICEL_G" rev="5">
<attrib name="total" value="1000000"/><attrib name="used" value="25"/></item>
<item name="SLICEL_GNDF" rev="5">
<attrib name="total" value="1000000"/><attrib name="used" value="21"/></item>
<item name="SLICEL_GNDG" rev="5">
<attrib name="total" value="1000000"/><attrib name="used" value="18"/></item>
<item name="SLICEL_XORF" rev="5">
<attrib name="total" value="1000000"/><attrib name="used" value="13"/></item>
<item name="SLICEL_XORG" rev="5">
<attrib name="total" value="1000000"/><attrib name="used" value="14"/></item>
</group>
</DeviceUsage>
<ReportConfigData TimeStamp="Wed Jun 26 10:46:04 2019"><group name="IBUF_PAD">
<item name="IOATTRBOX" rev="5">
<attrib name="LVCMOS25" value="1"/></item>
</group>
<group name="BUFGMUX_GCLKMUX">
<item name="DISABLE_ATTR" rev="5">
<attrib name="LOW" value="1"/></item>
</group>
<group name="SLICEL_FFX">
<item name="FFX_INIT_ATTR" rev="5">
<attrib name="INIT0" value="14"/></item>
<item name="FFX_SR_ATTR" rev="5">
<attrib name="SRLOW" value="14"/></item>
<item name="LATCH_OR_FF" rev="5">
<attrib name="FF" value="14"/></item>
<item name="SYNC_ATTR" rev="5">
<attrib name="SYNC" value="14"/></item>
</group>
<group name="SLICEL_FFY">
<item name="FFY_INIT_ATTR" rev="5">
<attrib name="INIT0" value="14"/></item>
<item name="FFY_SR_ATTR" rev="5">
<attrib name="SRLOW" value="14"/></item>
<item name="LATCH_OR_FF" rev="5">
<attrib name="FF" value="14"/></item>
<item name="SYNC_ATTR" rev="5">
<attrib name="SYNC" value="14"/></item>
</group>
<group name="IOB_PAD">
<item name="DRIVEATTRBOX" rev="5">
<attrib name="12" value="1"/></item>
<item name="IOATTRBOX" rev="5">
<attrib name="LVCMOS25" value="1"/></item>
<item name="SLEW" rev="5">
<attrib name="SLOW" value="1"/></item>
</group>
</ReportConfigData>
<ReportPinData TimeStamp="Wed Jun 26 10:46:04 2019"><group name="IBUF_PAD">
<item name="PAD" rev="5">
<attrib name="value" value="1"/></item>
</group>
<group name="IBUF_INBUF">
<item name="IN" rev="5">
<attrib name="value" value="1"/></item>
<item name="OUT" rev="5">
<attrib name="value" value="1"/></item>
</group>
<group name="SLICEL">
<item name="BX" rev="5">
<attrib name="value" value="3"/></item>
<item name="CIN" rev="5">
<attrib name="value" value="24"/></item>
<item name="CLK" rev="5">
<attrib name="value" value="14"/></item>
<item name="COUT" rev="5">
<attrib name="value" value="24"/></item>
<item name="F1" rev="5">
<attrib name="value" value="27"/></item>
<item name="F2" rev="5">
<attrib name="value" value="8"/></item>
<item name="F3" rev="5">
<attrib name="value" value="7"/></item>
<item name="F4" rev="5">
<attrib name="value" value="6"/></item>
<item name="G1" rev="5">
<attrib name="value" value="25"/></item>
<item name="G2" rev="5">
<attrib name="value" value="2"/></item>
<item name="G3" rev="5">
<attrib name="value" value="2"/></item>
<item name="G4" rev="5">
<attrib name="value" value="1"/></item>
<item name="SR" rev="5">
<attrib name="value" value="14"/></item>
<item name="XB" rev="5">
<attrib name="value" value="2"/></item>
<item name="XQ" rev="5">
<attrib name="value" value="14"/></item>
<item name="YQ" rev="5">
<attrib name="value" value="14"/></item>
</group>
<group name="IOB_OUTBUF">
<item name="IN" rev="5">
<attrib name="value" value="1"/></item>
<item name="OUT" rev="5">
<attrib name="value" value="1"/></item>
</group>
<group name="SLICEL_CYMUXF">
<item name="0" rev="5">
<attrib name="value" value="27"/></item>
<item name="1" rev="5">
<attrib name="value" value="27"/></item>
<item name="OUT" rev="5">
<attrib name="value" value="27"/></item>
<item name="S0" rev="5">
<attrib name="value" value="27"/></item>
</group>
<group name="SLICEL_CYMUXG">
<item name="0" rev="5">
<attrib name="value" value="24"/></item>
<item name="1" rev="5">
<attrib name="value" value="24"/></item>
<item name="OUT" rev="5">
<attrib name="value" value="24"/></item>
<item name="S0" rev="5">
<attrib name="value" value="24"/></item>
</group>
<group name="BUFGMUX_GCLKMUX">
<item name="I0" rev="5">
<attrib name="value" value="1"/></item>
<item name="OUT" rev="5">
<attrib name="value" value="1"/></item>
<item name="S" rev="5">
<attrib name="value" value="1"/></item>
</group>
<group name="SLICEL_C1VDD">
<item name="1" rev="5">
<attrib name="value" value="6"/></item>
</group>
<group name="IBUF">
<item name="I" rev="5">
<attrib name="value" value="1"/></item>
<item name="PAD" rev="5">
<attrib name="value" value="1"/></item>
</group>
<group name="SLICEL_FFX">
<item name="CK" rev="5">
<attrib name="value" value="14"/></item>
<item name="D" rev="5">
<attrib name="value" value="14"/></item>
<item name="Q" rev="5">
<attrib name="value" value="14"/></item>
<item name="SR" rev="5">
<attrib name="value" value="14"/></item>
</group>
<group name="SLICEL_XORF">
<item name="0" rev="5">
<attrib name="value" value="13"/></item>
<item name="1" rev="5">
<attrib name="value" value="13"/></item>
<item name="O" rev="5">
<attrib name="value" value="13"/></item>
</group>
<group name="SLICEL_FFY">
<item name="CK" rev="5">
<attrib name="value" value="14"/></item>
<item name="D" rev="5">
<attrib name="value" value="14"/></item>
<item name="Q" rev="5">
<attrib name="value" value="14"/></item>
<item name="SR" rev="5">
<attrib name="value" value="14"/></item>
</group>
<group name="SLICEL_XORG">
<item name="0" rev="5">
<attrib name="value" value="14"/></item>
<item name="1" rev="5">
<attrib name="value" value="14"/></item>
<item name="O" rev="5">
<attrib name="value" value="14"/></item>
</group>
<group name="IOB_PAD">
<item name="PAD" rev="5">
<attrib name="value" value="1"/></item>
</group>
<group name="IOB">
<item name="O1" rev="5">
<attrib name="value" value="1"/></item>
<item name="PAD" rev="5">
<attrib name="value" value="1"/></item>
</group>
<group name="BUFGMUX">
<item name="I0" rev="5">
<attrib name="value" value="1"/></item>
<item name="O" rev="5">
<attrib name="value" value="1"/></item>
<item name="S" rev="5">
<attrib name="value" value="1"/></item>
</group>
<group name="SLICEL_C2VDD">
<item name="1" rev="5">
<attrib name="value" value="6"/></item>
</group>
<group name="BUFGMUX_GCLK_BUFFER">
<item name="IN" rev="5">
<attrib name="value" value="1"/></item>
<item name="OUT" rev="5">
<attrib name="value" value="1"/></item>
</group>
<group name="SLICEL_F">
<item name="A1" rev="5">
<attrib name="value" value="27"/></item>
<item name="A2" rev="5">
<attrib name="value" value="8"/></item>
<item name="A3" rev="5">
<attrib name="value" value="7"/></item>
<item name="A4" rev="5">
<attrib name="value" value="6"/></item>
<item name="D" rev="5">
<attrib name="value" value="27"/></item>
</group>
<group name="SLICEL_G">
<item name="A1" rev="5">
<attrib name="value" value="25"/></item>
<item name="A2" rev="5">
<attrib name="value" value="2"/></item>
<item name="A3" rev="5">
<attrib name="value" value="2"/></item>
<item name="A4" rev="5">
<attrib name="value" value="1"/></item>
<item name="D" rev="5">
<attrib name="value" value="25"/></item>
</group>
<group name="SLICEL_GNDF">
<item name="0" rev="5">
<attrib name="value" value="21"/></item>
</group>
<group name="SLICEL_GNDG">
<item name="0" rev="5">
<attrib name="value" value="18"/></item>
</group>
</ReportPinData>
<CmdHistory>
</CmdHistory>
</DeviceUsageSummary>
